brand,model,form_factor,wrap_color,ring_color,cell_image_url,cell_data_url,capacity_mah,nominal_voltaje,charging_voltaje,charging_std_ma,charging_max_ma,discharging_cutoff_voltaje,discharging_std_ma,discharging_max_ma,data_ref_url
A123Systems,APR18650M1a,18650,Yellow,White,https://secondlifestorage.com/custom/cell_images/apr18650m1a.jpg,https://secondlifestorage.com/index.php?threads/celldata.4715/,1100,3.30,3.60,1500,4000,2.00,5500,30000,http://www.batteryspace.com/prod-specs/6612.pdf
ATL,INR18650,18650,Blue,White,https://secondlifestorage.com/custom/cell_images/atlinr18650.jpg,https://secondlifestorage.com/index.php?threads/celldata.4113/,2000,3.70,None,None,None,None,None,None,http://multimedia.3m.com/mws/media/793043O/3mtm-mobile-projector-mp225a-battery-msds.pdf?fn=MP225_Battery_MSDS.pdf
BAK,18650C4,18650,Turquoise,White,https://secondlifestorage.com/custom/cell_images/t17DzK2.jpg,https://secondlifestorage.com/index.php?threads/celldata.3273/,2200,3.70,4.20,440,2200,3.00,440,2200,http://www.ebike.ir/uploads/GB%20cell%20spec.pdf
BAK,B18650CA,18650,Green (Light),White,https://secondlifestorage.com/custom/cell_images/bakb18650ca.jpg,https://secondlifestorage.com/index.php?threads/celldata.3265/,2250,3.60,4.20,1100,2250,2.75,1100,4500,http://www.recell.ro/Files/B18650CA.pdf
BAK,C18650CC,18650,Gray,White,https://secondlifestorage.com/custom/cell_images/OUf8FIO.jpg,https://secondlifestorage.com/index.php?threads/celldata.1788/,2600,3.70,4.20,2600,2600,3.00,1300,5200,https://sep.yimg.com/ty/cdn/theshorelinemarket/jetbeam-jl260-18650-2600.pdf
BFN,18650-2200,18650,Blue,Black,https://secondlifestorage.com/custom/cell_images/bfn18650.jpg,https://secondlifestorage.com/index.php?threads/celldata.1834/,2200,3.70,4.20,440,2200,3.00,440,6600,http://en.bfnbattery.com/images/download/18650C-2200.pdf
Cham,CMICR18650F,18650,Blue,Grey,https://secondlifestorage.com/custom/cell_images/chamcmicr18650f.jpg,https://secondlifestorage.com/index.php?threads/celldata.6531/,2000,3.70,None,None,None,None,None,None,None
Cham,CMICR18650F8,18650,Grey,White,https://secondlifestorage.com/custom/cell_images/chamcmicr18650f8.jpg,https://secondlifestorage.com/index.php?threads/celldata.6528/,2600,3.70,None,None,None,None,None,None,None
DLG,N18650,18650,Blue,White,https://secondlifestorage.com/custom/cell_images/uncell001.jpg,https://secondlifestorage.com/index.php?threads/celldata.2585/,2200,3.60,4.20,1100,2200,2.75,440,4400,None
Dyson,INR-20700A,20700,Grey,Black,https://secondlifestorage.com/custom/cell_images/dysoninr20700a.jpg,https://secondlifestorage.com/index.php?threads/celldata.6533/,3000,3.60,4.20,3000,3000,2.50,560,35000,https://images.homedepot-static.com/catalog/pdfImages/3c/3cdc5dff-2f8c-4d6d-8cab-3c7e5f0b70e6.pdf
EVE,ICR18650-26V,18650,Blue,White,https://secondlifestorage.com/custom/cell_images/eveicr1865026v.jpg,https://secondlifestorage.com/index.php?threads/celldata.8390/,2550,3.60,4.20,1275,2550,2.50,1275,7650,http://www.eveargentina.com.ar/gallery/icr18650%2026v-s03-lf.pdf
FP,18650-1800mAh,18650,Green,White,https://secondlifestorage.com/custom/cell_images/fp186501800mah.jpg,https://secondlifestorage.com/index.php?threads/celldata.5776/,1800,None,None,None,None,None,None,None,None
FP,18650-2000mAh,18650,Blue,White,https://secondlifestorage.com/custom/cell_images/fp186502000mah.jpg,https://secondlifestorage.com/index.php?threads/celldata.5778/,2000,None,None,None,None,None,None,None,None
FST,18650-2000mAh,18650,Blue,White,https://secondlifestorage.com/custom/cell_images/fst186502000mah.jpg,https://secondlifestorage.com/index.php?threads/celldata.8336/,2000,3.60,4.20,1000,2000,2.75,1000,10000,None
FST,18650-2200mAh,18650,Turquoise,Grey,https://secondlifestorage.com/custom/cell_images/fst186502200mah.jpg,https://secondlifestorage.com/index.php?threads/celldata.2525/,2200,3.60,4.20,1100,2200,2.75,2200,8800,None
FST,20650-3350mAh,20650,Blue (Dark),White,https://secondlifestorage.com/custom/cell_images/fst206503350.jpg,https://secondlifestorage.com/index.php?threads/celldata.2613/,3350,3.60,4.20,1675,3350,2.75,1675,6700,None
GP Batteries,GP18650CH,18650,Yellow (Dark),Black,https://secondlifestorage.com/custom/cell_images/3Ych0CP.jpg,https://secondlifestorage.com/index.php?threads/celldata.1687/,2200,3.60,4.20,440,2200,2.75,440,6600,https://www.nkon.nl/sk/k/GP%20Product%20Spec%20-%20GP18650CH%20-%20R0.pdf
GP Batteries,GP1865L180,18650,Orange,Black,https://secondlifestorage.com/custom/cell_images/gp1865l180.jpg,https://secondlifestorage.com/index.php?threads/celldata.8116/,1800,3.70,4.20,1080,None,2.80,360,1800,None
GP Batteries,ICR18650-26F,18650,Blue,White,https://secondlifestorage.com/custom/cell_images/MRFwuBT.jpg,https://secondlifestorage.com/index.php?threads/celldata.1760/,2600,3.70,4.20,1300,2000,2.75,520,5200,http://www.tme.eu/de/Document/d5caa5bfe138538981c74706bcadb3c3/ACCU-18650-2.6_GP.pdf
Great Power,ICR 18650,18650,Orange,White,https://secondlifestorage.com/custom/cell_images/gpicr18650.jpg,https://secondlifestorage.com/index.php?threads/celldata.1876/,2000,3.70,4.20,2000,4000,2.75,2000,4000,http://www.greatpowerbattery.com.hk/Products/Cylindrical/Eng/Power%20Plus%20Spec%20(Li-ion%2018650%202000mAh).pdf
Great Power,ICR18650 2.2Ah-AT,18650,Orange,White,https://secondlifestorage.com/custom/cell_images/gpicr1865022ahat.jpg,https://secondlifestorage.com/index.php?threads/celldata.4772/,2200,None,None,None,None,None,None,None,http://www.greatpowerbattery.com.hk/Products/Cylindrical/Eng/Power%20Plus%2018650%202200mAh%20Full%20Specification.pdf
Highstar,ISR18650-1300,18650,Blue,Grey (Dark),https://secondlifestorage.com/custom/cell_images/highstarisr186501300.jpg,https://secondlifestorage.com/index.php?threads/celldata.4717/,1300,3.70,None,None,None,None,None,None,None
Hitachi Maxell (HM),ICR18650PA,18650,Blue (Dark),Black,https://secondlifestorage.com/custom/cell_images/hmicr18650pa.jpg,https://secondlifestorage.com/index.php?threads/celldata.4128/,1500,None,None,None,None,None,None,None,None
Hitachi Maxell (HM),INR18650PB1,18650,Grey (Dark),Black,https://secondlifestorage.com/custom/cell_images/hminr18650pb1.jpg,https://secondlifestorage.com/index.php?threads/celldata.5775/,1450,None,3.70,1000,4000,2.50,290,15000,http://www.batimex.pl/zdjecia/pdf/pb2.pdf
HYB,ICR18650NH,18650,Green (Light),White,https://secondlifestorage.com/custom/cell_images/dCSlB7V.jpg,https://secondlifestorage.com/index.php?threads/celldata.1728/,2200,3.60,4.20,440,2200,2.75,440,6600,https://www.nkon.nl/sk/k/GP%20Product%20Spec%20-%20GP18650CH%20-%20R0.pdf
HYB,ICR18650NM,18650,Turquoise,White,https://secondlifestorage.com/custom/cell_images/icr18650nm.jpg,https://secondlifestorage.com/index.php?threads/celldata.1833/,None,None,None,None,None,None,None,None,https://www.google.ca/url?sa=t&rct=j&q=&esrc=s&source=web&cd=5&cad=rja&uact=8&ved=0ahUKEwjyj-zn_5bVAhUJGT4KHcG7CD0QFghKMAQ&url=ftp%3A%2F%2Fsupport.danbit.dk%2FB%2FBAT3.7V4.2A-LI%2FMH28822%2520HYB%2520cell.pdf&usg=AFQjCNF5AUM1LL2vMxjRlNOEHCsj-qaPug
KMASHI,18650KAHL,18650,Orange,Grey,https://secondlifestorage.com/custom/cell_images/kmashi18650kahl.jpg,https://secondlifestorage.com/index.php?threads/celldata.4569/,None,None,None,None,None,None,None,None,None
Lei,INR-18650-CE,18650,Green,White,https://secondlifestorage.com/custom/cell_images/leiinr18650ce.jpg,https://secondlifestorage.com/index.php?threads/celldata.2588/,2200,3.60,None,None,None,None,None,None,None
LG,LGAAHD21865,18650,Violet,White,https://secondlifestorage.com/custom/cell_images/lgaahd21865.jpg,https://secondlifestorage.com/index.php?threads/celldata.8573/,2000,3.65,4.20,1000,4000,2.50,400,25000,http://www.devon-company.com/spec/LG%2018650-HD2.pdf
LG,LGAAMF11865,18650,Purple,White,https://secondlifestorage.com/custom/cell_images/lgaamf11865.jpg,https://secondlifestorage.com/index.php?threads/celldata.2491/,2150,3.65,4.20,1075,2150,2.75,430,10000,http://www.repasebaterii.cz/files/img/datasheet/icr18650mf1.pdf
LG,LGAAS31865,18650,Blue,White,https://secondlifestorage.com/custom/cell_images/2VbuWtp.jpg,https://secondlifestorage.com/index.php?threads/celldata.1762/,2200,3.60,4.20,1075,2150,3.00,430,3225,https://www.tme.eu/fr/Document/851884e7c9339fa73b5bf66663baac51/ACCU-ICR18650-2.2.pdf
LG,LGAAS31865,18650,Turquoise,White,https://secondlifestorage.com/custom/cell_images/lglgaas31865var1.jpg,https://secondlifestorage.com/index.php?threads/celldata.1762/,2200,3.60,4.20,1075,2150,3.00,430,3225,https://www.tme.eu/fr/Document/851884e7c9339fa73b5bf66663baac51/ACCU-ICR18650-2.2.pdf
LG,LGAAS41865,18650,Purple (Dark),White,https://secondlifestorage.com/custom/cell_images/lgaas41865.jpg,https://secondlifestorage.com/index.php?threads/celldata.3558/,2200,3.70,4.20,750,None,2.75,None,None,None
LG,LGABB41865,18650,Gray,White,https://secondlifestorage.com/custom/cell_images/R5Ny6UI.jpg,https://secondlifestorage.com/index.php?threads/celldata.1789/,2600,3.60,4.20,1250,2500,2.75,500,5000,http://www.batteryspace.com/prod-specs/5457_B4.pdf
LG,LGABB41865,18650,Purple,Grey,https://secondlifestorage.com/custom/cell_images/lgabb41865two.jpg,https://secondlifestorage.com/index.php?threads/celldata.1789/,2600,3.60,4.20,1250,2500,2.75,500,5000,http://www.batteryspace.com/prod-specs/5457_B4.pdf
LG,LGABC11865,18650,Brown (Light),White,https://secondlifestorage.com/custom/cell_images/ME8kT3L.jpg,https://secondlifestorage.com/index.php?threads/celldata.1727/,2800,3.75,4.35,1350,2700,3.00,540,4050,http://www.meircell.co.il/files/LG%20ICR18650C1.pdf
LG,LGABC21865,18650,Orange,White,https://secondlifestorage.com/custom/cell_images/ZQ91ToL.jpg,https://secondlifestorage.com/index.php?threads/celldata.1723/,2800,3.72,4.30,1350,2700,3.00,540,5400,http://www.batteryspace.com/prod-specs/5702_5.pdf
LG,LGABC41865,18650,Brown,White,https://secondlifestorage.com/custom/cell_images/lgabc41865.jpg,https://secondlifestorage.com/index.php?threads/celldata.2319/,2750,3.65,4.20,1375,2750,2.75,550,5500,http://www.cleon.ru/specification/LG-INR18650C4.pdf
LG,LGABD11865,18650,Pink,White,https://secondlifestorage.com/custom/cell_images/qO5kIXg.jpg,https://secondlifestorage.com/index.php?threads/celldata.1787/,3000,3.75,4.35,1450,2900,3.00,580,5800,http://keeppower.com.ua/download/2015-01/datasheet_LG-ICR18650D1.pdf
LG,LGABD21865,18650,Blue,White,https://secondlifestorage.com/custom/cell_images/lgabd21865.jpg,https://secondlifestorage.com/index.php?threads/celldata.8571/,2950,3.64,4.20,1475,2950,2.75,590,4425,https://voltaplex.com/media/whitepapers/specification-sheet/LG_D2_Specification_Sheet.pdf
LG,LGABE11865,18650,Teal,White,https://secondlifestorage.com/custom/cell_images/F9nUgYN.jpg,https://secondlifestorage.com/index.php?threads/celldata.1750/,3200,3.75,4.35,1550,2170,2.75,620,4650,http://keeppower.com.ua/download/lg18650e1.pdf
LG,LGABE11865,18650,Purple,White,https://secondlifestorage.com/custom/cell_images/lgabe11865var1.jpg,https://secondlifestorage.com/index.php?threads/celldata.1750/,3200,3.75,4.35,1550,2170,2.75,620,4650,http://keeppower.com.ua/download/lg18650e1.pdf
LG,LGABF1L1865,18650,Purple (Light),White,https://secondlifestorage.com/custom/cell_images/zxBkgah.jpg,https://secondlifestorage.com/index.php?threads/celldata.1774/,3350,3.63,4.20,975,1625,2.50,650,4875,http://keeppower.com.ua/download/2015-11/150304_PS_LGC_INR18650_F1L_v1.pdf
LG,LGABHG21865,18650,Brown,White,https://secondlifestorage.com/custom/cell_images/lgabhg21865.jpg,https://secondlifestorage.com/index.php?threads/celldata.8388/,3000,3.60,4.20,1500,4000,2.00,600,20000,https://www.nkon.nl/sk/k/hg2.pdf
LG,LGCAS31865,18650,Blue,White,https://secondlifestorage.com/custom/cell_images/lgcas31865.jpg,https://secondlifestorage.com/index.php?threads/celldata.4400/,2200,3.70,4.20,None,None,2.70,440,None,None
LG,LGCH118650,18650,Yellow,White,https://secondlifestorage.com/custom/cell_images/lgch118650.jpg,https://secondlifestorage.com/index.php?threads/celldata.2439/,None,None,None,None,None,None,None,None,None
LG,LGCP218650,18650,Purple (Dark),White,https://secondlifestorage.com/custom/cell_images/lgcp218650.jpg,https://secondlifestorage.com/index.php?threads/celldata.1880/,2500,3.60,4.20,480,None,None,None,None,None
LG,LGCS218650,18650,Peach,White,https://secondlifestorage.com/custom/cell_images/lnCrMiZ.jpg,https://secondlifestorage.com/index.php?threads/celldata.1725/,2200,3.70,4.20,430,2150,3.00,430,4300,http://www.monstercells.com/pdf/li-ion/2200-18650.pdf
LG,LGCS318650,18650,Blue,White,https://secondlifestorage.com/custom/cell_images/lgcs318650.jpg,https://secondlifestorage.com/index.php?threads/celldata.1798/,2200,3.60,4.20,1075,None,None,430,None,None
LG,LGDA2E18650,18650,Grey,White,https://secondlifestorage.com/custom/cell_images/lgda2e18650.jpg,https://secondlifestorage.com/index.php?threads/celldata.2004/,2250,3.70,4.20,1000,None,3.00,500,None,None
LG,LGDA418650,18650,Yellow,White,https://secondlifestorage.com/custom/cell_images/lgda418650.jpg,https://secondlifestorage.com/index.php?threads/celldata.4489/,2400,3.60,4.20,1150,None,3.00,480,None,http://www.mundilec.com/appl/botiga/client/img/L-UR18650.pdf
LG,LGDAHA11865,18650,Green (Light),White,https://secondlifestorage.com/custom/cell_images/lgdaha11865.jpg,https://secondlifestorage.com/index.php?threads/celldata.5258/,1300,3.68,4.20,650,4000,2.50,260,15000,https://akkuplus.de/mediafiles/Datenblatt/LG/LGDAHA11865.pdf
LG,LGDAHB21865,18650,Teal,White,https://secondlifestorage.com/custom/cell_images/qXeIciL.jpg,https://secondlifestorage.com/index.php?threads/celldata.1752/,1500,3.65,4.20,750,4000,2.50,300,30000,http://akkuplus.de/mediafiles/Datenblatt/LG/ICR18650HB2.pdf
LG,LGDAHB61865,18650,Red (Dark),White,https://secondlifestorage.com/custom/cell_images/lgdahb61865.jpg,https://secondlifestorage.com/index.php?threads/celldata.1952/,1500,3.65,4.20,750,4000,2.00,300,30000,http://m.sc30power.com/uploads/201611406/PDF/HB6.pdf
LG,LGDAHD2C1865,18650,Peach,White,https://secondlifestorage.com/custom/cell_images/lgdahd2c1865.jpg,https://secondlifestorage.com/index.php?threads/celldata.1882/,2100,3.65,4.20,1050,4000,2.50,420,20000,https://cdn.shopify.com/s/files/1/0674/3651/files/lg_18650HD2C.pdf?10672813303074151572
LG,LGDAHD41865,18650,Tan,White,https://secondlifestorage.com/custom/cell_images/lgdahd41865.jpg,https://secondlifestorage.com/index.php?threads/celldata.8387/,2000,3.65,4.20,1000,4000,2.00,400,25000,https://www.imrbatteries.com/content/lg_HD4.pdf
LG,LGDAME11865,18650,Orange,White,https://secondlifestorage.com/custom/cell_images/lgdame11865.jpg,https://secondlifestorage.com/index.php?threads/celldata.8332/,2100,3.75,4.35,1000,None,None,None,4200,https://baterie18650.pl/wp-content/uploads/2020/04/Product-Specification_2Ah_ME1_LGC-1.pdf
LG,LGDAMF11865,18650,Purple,White,https://secondlifestorage.com/custom/cell_images/lgdamf11865.jpg,https://secondlifestorage.com/index.php?threads/celldata.2492/,2150,3.65,4.20,1075,2150,2.75,430,10000,None
LG,LGDAS31865,18650,Blue,White,https://secondlifestorage.com/custom/cell_images/hXEYpKi.jpg,https://secondlifestorage.com/index.php?threads/celldata.1763/,2200,3.60,4.20,1075,2150,3.00,430,3225,http://www.meircell.co.il/files/LG%20ICR18650S3.pdf
LG,LGDAS41865,18650,Purple (Dark),White,https://secondlifestorage.com/custom/cell_images/lgdas48165.jpg,https://secondlifestorage.com/index.php?threads/celldata.3557/,2200,3.70,4.20,750,None,2.75,None,None,None
LG,LGDB118650,18650,Teal,White,https://secondlifestorage.com/custom/cell_images/v48KxWP.jpg,https://secondlifestorage.com/index.php?threads/celldata.1751/,2600,3.75,4.35,1275,2550,3.00,510,5100,http://d112tss1dzpest.cloudfront.net/wp-content/blogs.dir/26/files/2014/12/LG-ICR18650B1.pdf?323d81
LG,LGDB218650,18650,Pink,White,https://secondlifestorage.com/custom/cell_images/eSXhr2B.jpg,https://secondlifestorage.com/index.php?threads/celldata.1786/,2600,3.70,4.20,1250,2500,3.00,500,3750,http://www.meircell.co.il/files/LG%20ICR18650B2.pdf
LG,LGDB218650,18650,Orange,White,https://secondlifestorage.com/custom/cell_images/lgdb218650v2.jpg,https://secondlifestorage.com/index.php?threads/celldata.1786/,2600,3.70,4.20,1250,2500,3.00,500,3750,http://www.meircell.co.il/files/LG%20ICR18650B2.pdf
LG,LGDB318650,18650,Tan,White,https://secondlifestorage.com/custom/cell_images/lgdb318650.jpg,https://secondlifestorage.com/index.php?threads/celldata.5259/,2600,3.70,None,None,None,None,None,None,None
LG,LGDBB11865,18650,Turquoise,White,https://secondlifestorage.com/custom/cell_images/lgdbb11865.jpg,https://secondlifestorage.com/index.php?threads/celldata.6526/,2600,3.75,4.35,1275,5100,3.00,510,2250,http://d112tss1dzpest.cloudfront.net/wp-content/blogs.dir/26/files/2014/12/LG-ICR18650B1.pdf?323d81
LG,LGDBB31865,18650,Purple (Dark),White,https://secondlifestorage.com/custom/cell_images/8L2SmXH.jpg,https://secondlifestorage.com/index.php?threads/celldata.1779/,2600,3.70,4.20,1250,2500,3.00,500,3750,https://sep.yimg.com/ty/cdn/theshorelinemarket/LG-18650-2600.pdf
LG,LGDBB31865,18650,Salmon,White,https://secondlifestorage.com/custom/cell_images/tNX9N5A.jpg,https://secondlifestorage.com/index.php?threads/celldata.1779/,2600,3.70,4.20,1250,2500,3.00,500,3750,https://sep.yimg.com/ty/cdn/theshorelinemarket/LG-18650-2600.pdf
LG,LGDBB31865,18650,Tan,White,https://secondlifestorage.com/custom/cell_images/lgdbb31865.jpg,https://secondlifestorage.com/index.php?threads/celldata.1779/,2600,3.70,4.20,1250,2500,3.00,500,3750,https://sep.yimg.com/ty/cdn/theshorelinemarket/LG-18650-2600.pdf
LG,LGDBB41865,18650,Grey,White,https://secondlifestorage.com/custom/cell_images/lgdbb41865.jpg,https://secondlifestorage.com/index.php?threads/celldata.2527/,2600,3.60,4.20,1250,2500,2.75,500,3750,https://www.neuhold-elektronik.at/datenblatt/N6102.pdf
LG,LGDBC21865,18650,Orange,White,https://secondlifestorage.com/custom/cell_images/lgdbc21865.jpg,https://secondlifestorage.com/index.php?threads/celldata.2145/,2800,3.72,4.30,540,2700,3.00,540,5400,http://www.batteryspace.com/prod-specs/5702_5.pdf
LG,LGDBD11865,18650,Pink,White,https://secondlifestorage.com/custom/cell_images/lgdbd11865.jpg,https://secondlifestorage.com/index.php?threads/celldata.6041/,3000,3.75,4.35,1450,2900,3.00,580,5800,http://keeppower.com.ua/download/2015-01/datasheet_LG-ICR18650D1.pdf
LG,LGDBHE21865,18650,Red,White,https://secondlifestorage.com/custom/cell_images/e3aNtpM.jpg,https://secondlifestorage.com/index.php?threads/celldata.1720/,2500,3.60,4.20,1250,4000,2.50,500,20000,https://www.powerstream.com/p/LG-ICR18650HE2-REV0.pdf
LG,LGDBHE21865,18650,Red (Dark),White,https://secondlifestorage.com/custom/cell_images/lgdbhe21865.jpg,https://secondlifestorage.com/index.php?threads/celldata.1938/,2500,3.70,4.20,1250,4000,2.00,500,20000,https://www.powerstream.com/p/LG-ICR18650HE2-REV0.pdf
LG,LGDBHE41865,18650,Yellow,White,https://secondlifestorage.com/custom/cell_images/N27mbQj.jpg,https://secondlifestorage.com/index.php?threads/celldata.1726/,2500,3.60,4.20,1250,4000,2.50,500,20000,None
LG,LGDBHG21865,18650,Brown,White,https://secondlifestorage.com/custom/cell_images/B200Lg2.jpg,https://secondlifestorage.com/index.php?threads/celldata.1722/,3000,3.60,4.20,1500,4000,2.00,600,20000,https://www.nkon.nl/sk/k/hg2.pdf
LG,LGDBM361865,18650,Blue,White,https://secondlifestorage.com/custom/cell_images/lgdbm361865.jpg,https://secondlifestorage.com/index.php?threads/celldata.8329/,3440,3.63,4.20,1000,2330,2.50,670,5000,http://www.nkon.nl/sk/k/m36.pdf
LG,LGDBMG11865,18650,Purple,White,https://secondlifestorage.com/custom/cell_images/lgdbmg11865.jpg,https://secondlifestorage.com/index.php?threads/celldata.6431/,2850,3.62,4.20,1425,2850,2.50,570,10000,http://www.plsbattery.com/datasheets/LG-INR18650-MG1-2850mah-10A-18650-High-Drain-Battery.pdf
LG,LGDBMH11865,18650,Turquoise,White,https://secondlifestorage.com/custom/cell_images/lgdbmh11865.jpg,https://secondlifestorage.com/index.php?threads/celldata.8105/,3200,3.67,4.20,1550,3100,2.50,620,10000,https://produktinfo.conrad.com/datenblaetter/1500000-1599999/001558879-da-01-en-LG_LIION_AKKU_INR18650MH1__3200MAH.pdf
LG,LGDBMJ11865,18650,Green,White,https://secondlifestorage.com/custom/cell_images/Hbohmh1.jpg,https://secondlifestorage.com/index.php?threads/celldata.1737/,3500,3.63,4.20,1700,3400,2.50,680,10000,https://www.nkon.nl/sk/k/Specification%20INR18650MJ1%2022.08.2014.pdf
LG,LGDC118650,18650,Brown,White,https://secondlifestorage.com/custom/cell_images/lgdc118650.jpg,https://secondlifestorage.com/index.php?threads/celldata.5286/,2800,3.75,4.35,1350,2700,3.00,540,4050,http://www.meircell.co.il/files/LG%20ICR18650C1.pdf
LG,LGDS218650,18650,Peach,White,https://secondlifestorage.com/custom/cell_images/kYCKTaL.jpg,https://secondlifestorage.com/index.php?threads/celldata.1724/,2200,3.70,4.20,430,2150,3.00,430,4300,http://www.monstercells.com/pdf/li-ion/2200-18650.pdf
LG,LGDS318650,18650,Blue,White,https://secondlifestorage.com/custom/cell_images/ntiOwJe.jpg,https://secondlifestorage.com/index.php?threads/celldata.1764/,2200,3.60,4.20,1075,2150,3.00,420,3225,http://www.meircell.co.il/files/LG%20ICR18650S3.pdf
LG,LGEAMF11865,18650,Purple,White,https://secondlifestorage.com/custom/cell_images/lgeamf11865.jpg,https://secondlifestorage.com/index.php?threads/celldata.2006/,2150,3.65,4.20,1075,2150,2.75,430,10000,http://www.repasebaterii.cz/files/img/datasheet/icr18650mf1.pdf
LG,LGEAS318650,18650,Blue,White,https://secondlifestorage.com/custom/cell_images/rzMC9jN.jpg,https://secondlifestorage.com/index.php?threads/celldata.1765/,2200,3.60,4.20,1075,2150,3.00,430,4300,None
LG,LGEBE11865,18650,Purple,White,https://secondlifestorage.com/custom/cell_images/lgebe11865.jpg,https://secondlifestorage.com/index.php?threads/celldata.8330/,3200,3.75,4.35,1550,2170,2.75,620,4650,http://keeppower.com.ua/download/lg18650e1.pdf
LG,LGEBMF21865,18650,Purple (Dark),White,https://secondlifestorage.com/custom/cell_images/lgebmf21865.jpg,https://secondlifestorage.com/index.php?threads/celldata.2005/,2200,3.60,4.20,1250,None,2.50,500,None,None
LG,LGEBMJ11865,18650,Green,Tan,https://secondlifestorage.com/custom/cell_images/lgebmj11865.jpg,https://secondlifestorage.com/index.php?threads/celldata.8109/,3500,3.63,4.20,1700,3400,2.50,680,10000,https://www.nkon.nl/sk/k/Specification%20INR18650MJ1%2022.08.2014.pdf
LG,LGEP218650,18650,Purple,White,https://secondlifestorage.com/custom/cell_images/lgep218650.jpg,https://secondlifestorage.com/index.php?threads/celldata.4116/,2600,None,None,None,None,None,None,None,None
LG,LGES218650,18650,Pink,White,https://secondlifestorage.com/custom/cell_images/lges218650ver1.jpg,https://secondlifestorage.com/index.php?threads/celldata.6042/,2200,3.70,4.20,430,2150,3.00,430,4300,http://www.monstercells.com/pdf/li-ion/2200-18650.pdf
LG,LGES218650,18650,Peach,White,https://secondlifestorage.com/custom/cell_images/lges215650.jpg,https://secondlifestorage.com/index.php?threads/celldata.6042/,2200,3.70,4.20,430,2150,3.00,430,4300,http://www.monstercells.com/pdf/li-ion/2200-18650.pdf
LG,LGES318650,18650,Blue,White,https://secondlifestorage.com/custom/cell_images/kQNhLCj.jpg,https://secondlifestorage.com/index.php?threads/celldata.1766/,2200,3.60,4.20,1100,2150,3.00,430,3225,http://www.meircell.co.il/files/LG%20ICR18650S3.pdf
LG,LGGBF1L1865,18650,Purple (Light),White,https://secondlifestorage.com/custom/cell_images/lggbf1l1865.jpg,https://secondlifestorage.com/index.php?threads/celldata.8572/,3350,3.63,4.20,975,1625,2.50,650,4875,http://keeppower.com.ua/download/2015-11/150304_PS_LGC_INR18650_F1L_v1.pdf
Lishen (LS),IFR-18650EC,18650,Blue,White,https://secondlifestorage.com/custom/cell_images/ifr18650ec.jpg,https://secondlifestorage.com/index.php?threads/celldata.5985/,1500,3.20,3.65,1400,2800,2.00,300,5000,https://www.google.it/url?sa=t&source=web&rct=j&url=http://liionbms.com/pdf/valence/IFR18650E.pdf&ved=2ahUKEwje8dK1s-jdAhWIxIUKHX7MA_MQFjASegQIAxAB&usg=AOvVaw0oKsf62puWufy2cNS-hsiK
Lishen (LS),IMR-26700AB,26700,Brown,None,https://secondlifestorage.com/custom/cell_images/lsnmr26700ab.jpg,https://secondlifestorage.com/index.php?threads/celldata.4716/,2900,3.80,4.20,None,7400,2.50,None,40000,None
Lishen (LS),LR18650SK,18650,Green,Blue (Light),https://secondlifestorage.com/custom/cell_images/lslr1865sk.jpg,https://secondlifestorage.com/index.php?threads/celldata.2587/,2600,3.70,4.20,1300,1300,2.75,1300,5200,None
Lishen (LS),LR1865AH,18650,Purple (Light),White,https://secondlifestorage.com/custom/cell_images/mzZZhmA.jpg,https://secondlifestorage.com/index.php?threads/celldata.1776/,2200,3.70,4.20,1100,2200,3.00,1100,4400,http://www.tysonicbattery.com/baotongusa/products/datasheets/li-ion/TY-LR18650-2200.pdf
Lishen (LS),LR1865AM,18650,Yellow,Grey,https://secondlifestorage.com/custom/cell_images/lslr1865am.jpg,https://secondlifestorage.com/index.php?threads/celldata.6100/,1100,3.20,3.65,1500,5000,2.00,2,None,None
Lishen (LS),LR1865BC,18650,Orange,White,https://secondlifestorage.com/custom/cell_images/lslr1865bc.jpg,https://secondlifestorage.com/index.php?threads/celldata.1835/,None,None,None,None,None,None,None,None,None
Lishen (LS),LR1865BE,18650,Purple,White,https://secondlifestorage.com/custom/cell_images/lslr1865be.jpg,https://secondlifestorage.com/index.php?threads/celldata.8569/,1400,3.70,4.20,1400,4200,2.00,1400,25000,http://www.batteryonestop.com/baotongusa/products/datasheets/li-ion/LR1865BE-1400.pdf
Lishen (LS),LR1865LA,18650,Green,Grey,https://secondlifestorage.com/custom/cell_images/lslr1865la.jpg,https://secondlifestorage.com/index.php?threads/celldata.4126/,2000,3.60,4.20,2000,None,2.75,2000,None,None
Lishen (LS),LR1865SE,18650,Grey,Grey,https://secondlifestorage.com/custom/cell_images/lslr1865se.jpg,https://secondlifestorage.com/index.php?threads/celldata.6542/,2200,3.70,None,None,None,None,None,None,None
Lishen (LS),LR1865SF,18650,Gray,White,https://secondlifestorage.com/custom/cell_images/HoC3B5l.jpg,https://secondlifestorage.com/index.php?threads/celldata.1790/,2200,3.70,4.20,1075,1250,3.00,1075,4300,None
Moli Energy,ICR-18650,18650,Turquoise,Black,https://secondlifestorage.com/custom/cell_images/moliicr18650.jpg,https://secondlifestorage.com/index.php?threads/celldata.2612/,None,None,None,None,None,None,None,None,None
Moli Energy,ICR-18650G,18650,Grey,Black,https://secondlifestorage.com/custom/cell_images/moliicr18650g.jpg,https://secondlifestorage.com/index.php?threads/celldata.5178/,2000,None,None,None,None,None,None,None,None
Moli Energy,ICR-18650G,18650,Turquoise,Black,https://secondlifestorage.com/custom/cell_images/moliicr18650gturq.jpg,https://secondlifestorage.com/index.php?threads/celldata.5178/,2000,None,None,None,None,None,None,None,None
Moli Energy,ICR-18650H,18650,Yellow (Light),Black,https://secondlifestorage.com/custom/cell_images/cZeyZcC.jpg,https://secondlifestorage.com/index.php?threads/celldata.1686/,2100,3.70,4.20,1250,2200,3.00,4400,5000,http://www.houseofbatteries.com/documents/ICR18650H.pdf
Moli Energy,ICR-18650J,18650,Purple,Blue (Dark),https://secondlifestorage.com/custom/cell_images/moliicr18650jpurple.jpg,https://secondlifestorage.com/index.php?threads/celldata.2438/,2300,3.76,4.20,1250,2400,3.00,480,5000,http://www.meircell.co.il/files/Moli%20ICR18650J.pdf
Moli Energy,ICR-18650J,18650,Blue,Black,https://secondlifestorage.com/custom/cell_images/moliicr18650jblue.jpg,https://secondlifestorage.com/index.php?threads/celldata.2438/,2300,3.76,4.20,1250,2400,3.00,480,5000,http://www.meircell.co.il/files/Moli%20ICR18650J.pdf
Moli Energy,ICR-18650K,18650,Purple,Blue (Dark),https://secondlifestorage.com/custom/cell_images/moliicr18650k.jpg,https://secondlifestorage.com/index.php?threads/celldata.2437/,2600,3.70,4.20,1820,2600,3.00,520,5000,http://www.molicel.com/hq/product/DM_ICR18650K-V8-80054.pdf
Moli Energy,ICR-18650K,18650,Green,White,https://secondlifestorage.com/custom/cell_images/moliicr18650k02.jpg,https://secondlifestorage.com/index.php?threads/celldata.2437/,2600,3.70,4.20,1820,2600,3.00,520,5000,http://www.molicel.com/hq/product/DM_ICR18650K-V8-80054.pdf
Moli Energy,ICR-18650M,18650,Purple,Black,https://secondlifestorage.com/custom/cell_images/moliicr18650m.jpg,https://secondlifestorage.com/index.php?threads/celldata.2572/,2800,3.70,4.20,1400,2800,2.50,560,5600,http://www.houseofbatteries.com/documents/ICR18650M.pdf
Moli Energy,IHR-18650B,18650,Purple,Black,https://secondlifestorage.com/custom/cell_images/moliihr18650b.jpg,https://secondlifestorage.com/index.php?threads/celldata.6527/,2250,3.60,4.20,1250,2200,3.00,450,4400,http://www.molicel.com/hq/product/DM_IHR18650B-V7-80055.pdf
Moli Energy,IMR-18650E,18650,Grey,Black,https://secondlifestorage.com/custom/cell_images/moliimr18650e.jpg,https://secondlifestorage.com/index.php?threads/celldata.6540/,1400,3.80,4.20,None,6500,2.50,None,20000,http://www.molicel.com/ca/pdf/IMR18650E.pdf
Panasonic,CGR18650,18650,Pink,Black,https://secondlifestorage.com/custom/cell_images/cgr18650.jpg,https://secondlifestorage.com/index.php?threads/celldata.1855/,1400,3.70,4.20,910,None,3.00,260,1560,http://www.206xs.com/topics/battery/iontd2e.pdf
Panasonic,CGR18650A,18650,Green (Light),White,https://secondlifestorage.com/custom/cell_images/0JwSTN2.jpg,https://secondlifestorage.com/index.php?threads/celldata.1730/,2000,3.60,4.20,1190,None,3.00,370,3800,http://home.roboticlab.eu/_media/et/projects/tudengid11/panasonic_liion_cgr18650a.pdf
Panasonic,CGR18650AF,18650,Green,White,https://secondlifestorage.com/custom/cell_images/tgygbka.jpg,https://secondlifestorage.com/index.php?threads/celldata.1753/,2050,3.60,4.20,1365,1365,3.00,390,3900,http://www.houseofbatteries.com/documents/CGR18650AF.pdf
Panasonic,CGR18650C,18650,Blue,White,https://secondlifestorage.com/custom/cell_images/FBRwjVt.jpg,https://secondlifestorage.com/index.php?threads/celldata.1768/,2150,3.60,4.20,1428,None,3.00,408,4080,http://www.rosebatteries.com/pdfs/Panasonic%20CGR18650C.pdf
Panasonic,CGR18650CA,18650,Pink,Black,https://secondlifestorage.com/custom/cell_images/cgr18650ca.jpg,https://secondlifestorage.com/index.php?threads/celldata.1877/,2200,3.70,4.20,None,None,None,440,None,None
Panasonic,CGR18650CE,18650,Green (Light),White,https://secondlifestorage.com/custom/cell_images/pDu0txo.jpg,https://secondlifestorage.com/index.php?threads/celldata.1734/,2250,3.60,4.20,1100,None,2.50,540,None,http://roda-computer.com/fileadmin/downloads/Battery_Safety%20Datasheets/Panasonic_CF-19_+_CF-31_+%20CF-53_series_Main_+_%202nd_Battery_TKZ_180302_+_180410_+_180415_+_180417_+_180820_+_180824_+_180825_Modell_ALLE_V1.0_20150128.pdf
Panasonic,CGR18650CF,18650,Purple (Light),White,https://secondlifestorage.com/custom/cell_images/b3eEqWV.jpg,https://secondlifestorage.com/index.php?threads/celldata.1775/,2250,3.60,4.20,1575,None,3.00,675,4300,http://www.houseofbatteries.com/documents/CGR18650CF.pdf
Panasonic,CGR18650CG,18650,Green (Light),White,https://secondlifestorage.com/custom/cell_images/ofpbO9S.jpg,https://secondlifestorage.com/index.php?threads/celldata.1732/,2250,3.60,4.20,1500,None,3.00,430,4330,http://www.meircell.co.il/files/Panasonic%20CGR18650CG.pdf
Panasonic,CGR18650CH,18650,Gray,White,https://secondlifestorage.com/custom/cell_images/lUftqKc.jpg,https://secondlifestorage.com/index.php?threads/celldata.1791/,2250,3.60,4.20,1500,None,2.50,430,4300,http://www.bto.pl/pdf/04444/cgr18650ch.pdf
Panasonic,CGR18650D,18650,Teal (Light),White,https://secondlifestorage.com/custom/cell_images/yWpAzB1.jpg,https://secondlifestorage.com/index.php?threads/celldata.1745/,2350,3.60,4.20,1428,None,3.00,408,4500,http://www.rosebatteries.com/pdfs/Panasonic%20CGR18650D.pdf
Panasonic,CGR18650DA,18650,Purple,White,https://secondlifestorage.com/custom/cell_images/HrUlFyg.jpg,https://secondlifestorage.com/index.php?threads/celldata.1777/,2450,3.60,4.20,1630,None,3.00,466,4660,http://www.dipmicro.com/?datasheet=CGR18650DA.pdf
Panasonic,CGR18650E,18650,Pink,White,https://secondlifestorage.com/custom/cell_images/8LmMLae.jpg,https://secondlifestorage.com/index.php?threads/celldata.1781/,2550,3.60,4.20,1715,None,3.00,490,4900,http://www.meircell.co.il/files/Panasonic%20CGR18650E.pdf
Panasonic,CGR18650EA,18650,Green (Light),White,https://secondlifestorage.com/custom/cell_images/cgr18650ea.jpg,https://secondlifestorage.com/index.php?threads/celldata.1795/,2550,3.70,4.20,1715,None,3.00,490,4900,http://www.omnitron.de/batt/datasheet/panasonic/liion/cgr-18650ea.pdf
Panasonic,CGR18650H,18650,Purple,Black,https://secondlifestorage.com/custom/cell_images/panasoniccgr18650h.jpg,https://secondlifestorage.com/index.php?threads/celldata.2573/,1500,3.70,4.20,980,None,3.00,280,1560,http://www.206xs.com/topics/battery/iontd2e.pdf
Panasonic,CGR18650HG,18650,Orange,Black,https://secondlifestorage.com/custom/cell_images/8ZXpGEN.jpg,https://secondlifestorage.com/index.php?threads/celldata.1685/,1800,3.60,4.20,1190,None,3.00,340,3400,http://minami373373.web.fc2.com/PC_AB5900/CGR18650HG.pdf
Panasonic,CGR18650HGL,18650,Purple (Dark),Black,https://secondlifestorage.com/custom/cell_images/cgr18650hgl.jpg,https://secondlifestorage.com/index.php?threads/celldata.2096/,1800,3.60,4.20,1190,None,3.00,340,3400,http://minami373373.web.fc2.com/PC_AB5900/CGR18650HG.pdf
Panasonic,CGR18650HM,18650,Yellow,Black,https://secondlifestorage.com/custom/cell_images/cgr18650hm.jpg,https://secondlifestorage.com/index.php?threads/celldata.1878/,1630,3.70,4.20,1120,None,3.00,320,3200,http://deconophone.free.fr/IMG/pdf/iontde.pdf
Panasonic,NCR18500A,18500,Green,White,https://secondlifestorage.com/custom/cell_images/ncr18500a.jpg,https://secondlifestorage.com/index.php?threads/celldata.8386/,1900,3.60,4.20,1330,None,2.50,380,None,https://www.antenna1st.com/home/NCR18500.pdf
Panasonic,NCR18650,18650,Gray,White,https://secondlifestorage.com/custom/cell_images/zJrZCve.jpg,https://secondlifestorage.com/index.php?threads/celldata.1793/,2900,3.60,4.20,1925,None,2.50,580,5400,https://engineering.tamu.edu/media/4247819/ds-battery-panasonic-18650ncr.pdf
Panasonic,NCR18650A,18650,Green,White,https://secondlifestorage.com/custom/cell_images/pXwgpRi.jpg,https://secondlifestorage.com/index.php?threads/celldata.1742/,2900,3.60,4.20,1475,None,2.50,580,5800,https://industrial.panasonic.com/ww/lecs/www-data/pdf2/ACA4000/ACA4000CE254.pdf
Panasonic,NCR18650B,18650,Green (Light),White,https://secondlifestorage.com/custom/cell_images/bSu7ov9.jpg,https://secondlifestorage.com/index.php?threads/celldata.1731/,3200,3.60,4.20,1625,None,2.50,640,6400,https://na.industrial.panasonic.com/sites/default/pidsa/files/ncr18650b.pdf
Panasonic,NCR18650BD,18650,Grey,White,https://secondlifestorage.com/custom/cell_images/panasonicncr18650bd.jpg,https://secondlifestorage.com/index.php?threads/celldata.6541/,3000,3.60,4.20,900,None,2.50,610,10000,https://voltaplex.com/media/whitepapers/specification-sheet/Panasonic_BD_Specification_Sheet.pdf
Panasonic,NCR18650BE,18650,Green (Light),White,https://secondlifestorage.com/custom/cell_images/EqCSt8s.jpg,https://secondlifestorage.com/index.php?threads/celldata.1735/,3000,3.60,4.20,909,None,2.50,606,3636,http://keeppower.com.ua/download/2015-07/NCR18650BE.pdf
Panasonic,NCR18650D,18650,Gray,White,https://secondlifestorage.com/custom/cell_images/0LuajkP.jpg,https://secondlifestorage.com/index.php?threads/celldata.1792/,2900,3.70,4.20,1780,None,2.50,0,None,https://engineering.tamu.edu/media/4247819/ds-battery-panasonic-18650ncr.pdf&ved=0ahUKEwic5vWCyvnXAhUMzmMKHbd5BPUQFgguMAM&usg=AOvVaw27UdW4I6ihlmVvNaFEKsLm
Panasonic,NCR18650PD,18650,Green (Light),White,https://secondlifestorage.com/custom/cell_images/lXp0S8r.jpg,https://secondlifestorage.com/index.php?threads/celldata.1733/,2900,3.70,4.20,825,None,2.50,550,10000,http://e-motion.lt/wp-content/uploads/2013/04/NCR18650PD-1.pdf
Panasonic,NCR18650PF,18650,Green,White,https://secondlifestorage.com/custom/cell_images/ncr18650pf.jpg,https://secondlifestorage.com/index.php?threads/celldata.8334/,2700,3.60,4.20,1375,None,2.50,540,None,https://www.omnitron.cz/download/datasheet/NCR-18650PF.pdf
Panasonic,UR18650NSX,18650,Green,Light Brown,https://secondlifestorage.com/custom/cell_images/ur18650nsx.jpg,https://secondlifestorage.com/index.php?threads/celldata.4401/,2500,3.60,4.20,1750,None,2.50,2500,25000,https://www.orbtronic.com/content/panasonic-sanyo-datasheet-specs-ur18650nsx.pdf
PKCELL,ICR18650-2200mAh,18650,Blue,Black,https://secondlifestorage.com/custom/cell_images/pkcellicr18650.jpg,https://secondlifestorage.com/index.php?threads/celldata.4115/,2200,3.70,4.20,1100,2200,3.00,440,4400,https://cdn-shop.adafruit.com/product-files/1781/C2253_-_ICR18650_2200mAh_3.7V_with_PCM_20140728_APPROVED_8.18.pdf
Re-Volt,ICR18650-2600,18650,Pink,White,https://secondlifestorage.com/custom/cell_images/revolticr186502600.jpg,https://secondlifestorage.com/index.php?threads/celldata.6478/,2600,3.70,4.20,3000,None,3.00,0,10000,None
Samsung,ICR18650-18,18650,Green (Light),White,https://secondlifestorage.com/custom/cell_images/icr1865018.jpg,https://secondlifestorage.com/index.php?threads/celldata.2098/,1800,None,None,None,None,None,None,None,None
Samsung,ICR18650-20,18650,Blue,White,https://secondlifestorage.com/custom/cell_images/icr1865020.jpg,https://secondlifestorage.com/index.php?threads/celldata.2099/,2000,3.70,4.20,1000,None,2.75,400,4000,http://www.houseofbatteries.com/documents/ICR18650-20.pdf
Samsung,ICR18650-20B,18650,Blue (Light),White,https://secondlifestorage.com/custom/cell_images/xRNweE4.jpg,https://secondlifestorage.com/index.php?threads/celldata.1755/,2000,3.70,4.20,1000,None,2.75,400,4000,http://www.houseofbatteries.com/documents/ICR18650-20.pdf
Samsung,ICR18650-20C,18650,Blue (Light),White,https://secondlifestorage.com/custom/cell_images/HQoOFMq.jpg,https://secondlifestorage.com/index.php?threads/celldata.1756/,2000,3.70,4.20,1000,None,2.75,400,4000,http://www.houseofbatteries.com/documents/ICR18650-20.pdf
Samsung,ICR18650-20F,18650,Blue (Light),White,https://secondlifestorage.com/custom/cell_images/LZz5Txe.jpg,https://secondlifestorage.com/index.php?threads/celldata.1757/,2000,3.70,4.20,1000,None,2.75,400,4000,http://www.houseofbatteries.com/documents/ICR18650-20.pdf
Samsung,ICR18650-22,18650,Teal,Blue (Light),https://secondlifestorage.com/custom/cell_images/icr1865022.jpg,https://secondlifestorage.com/index.php?threads/celldata.4117/,2200,3.70,4.20,1100,None,2.75,440,None,http://www.houseofbatteries.com/documents/ICR18650-22.pdf
Samsung,ICR18650-22B,18650,Teal,Blue,https://secondlifestorage.com/custom/cell_images/zhDJm5S.jpg,https://secondlifestorage.com/index.php?threads/celldata.1704/,2200,3.70,4.20,1200,None,None,None,None,http://www.meircell.co.il/files/Samsung%20ICR18650-22E.pdf
Samsung,ICR18650-22E,18650,Teal,White,https://secondlifestorage.com/custom/cell_images/b0DwvUI.jpg,https://secondlifestorage.com/index.php?threads/celldata.1743/,2200,3.70,4.20,1100,4400,2.75,440,4400,http://www.meircell.co.il/files/Samsung%20ICR18650-22E.pdf
Samsung,ICR18650-22F,18650,Green,White,https://secondlifestorage.com/custom/cell_images/OYZsjpq.jpg,https://secondlifestorage.com/index.php?threads/celldata.1740/,2200,3.60,4.20,1100,2200,2.75,440,4400,http://www.tme.eu/de/Document/71b610093f14a53a8417944008628183/ICR18650-22F.pdf
Samsung,ICR18650-22FM,18650,Green,White,https://secondlifestorage.com/custom/cell_images/icr1865022fm.jpg,https://secondlifestorage.com/index.php?threads/celldata.4129/,2200,3.60,4.20,1100,2200,2.72,440,4400,None
Samsung,ICR18650-22FU,18650,Green,White,https://secondlifestorage.com/custom/cell_images/uLi8b81.jpg,https://secondlifestorage.com/index.php?threads/celldata.1741/,2200,3.60,4.20,1100,2200,2.75,2200,4400,None
Samsung,ICR18650-22H,18650,Teal,White,https://secondlifestorage.com/custom/cell_images/icr18650h.jpg,https://secondlifestorage.com/index.php?threads/celldata.1881/,2200,3.70,4.20,440,None,2.75,440,None,None
Samsung,ICR18650-22P,18650,Purple (Light),White,https://secondlifestorage.com/custom/cell_images/AnDA3sN.jpg,https://secondlifestorage.com/index.php?threads/celldata.1773/,2150,3.62,4.20,1075,2150,2.75,430,10000,http://www.tme.eu/de/Document/cf2b91a94627173083963b831db6ea62/ACCU-18650-2.2P-HV.pdf
Samsung,ICR18650-22P M,18650,Purple (Light),White,https://secondlifestorage.com/custom/cell_images/icr1865022pm.jpg,https://secondlifestorage.com/index.php?threads/celldata.8117/,2150,3.62,4.20,1074,2150,2.75,430,10000,http://www.uksegboards.co.uk/wp-content/uploads/2016/01/battery-specification.pdf
Samsung,ICR18650-24A,18650,Blue (Dark),Blue,https://secondlifestorage.com/custom/cell_images/icr1865024a.jpg,https://secondlifestorage.com/index.php?threads/celldata.2288/,2400,3.70,4.20,1200,2400,2.75,480,4800,http://www.meircell.co.il/files/Samsung%20ICR18650-24A.pdf
Samsung,ICR18650-24B,18650,Blue,White,https://secondlifestorage.com/custom/cell_images/icr1865024b.jpg,https://secondlifestorage.com/index.php?threads/celldata.8389/,2400,3.70,4.20,1200,2400,2.75,480,4800,http://h22235.www2.hp.com/hpinfo/globalcitizenship/environment/productdata/pdf/ba_samsungli-ion2400_us_eng_v1.pdf
Samsung,ICR18650-24E,18650,Blue,White,https://secondlifestorage.com/custom/cell_images/KD2mPcf.jpg,https://secondlifestorage.com/index.php?threads/celldata.1767/,2400,3.70,4.20,1200,2400,2.75,480,4800,None
Samsung,ICR18650-24F,18650,Green,White,https://secondlifestorage.com/custom/cell_images/icr1865024f.jpg,https://secondlifestorage.com/index.php?threads/celldata.5779/,2400,3.70,4.20,1200,2400,2.75,480,4800,None
Samsung,ICR18650-26A,18650,Pink,White,https://secondlifestorage.com/custom/cell_images/icr1865026a.jpg,https://secondlifestorage.com/index.php?threads/celldata.1796/,2600,3.70,4.20,1300,2600,2.75,520,5200,http://www.hobishop.lt/uploads/4/5/7/0/4570361/samsung-sdi-icr18650-26a.pdf
Samsung,ICR18650-26C,18650,Pink,White,https://secondlifestorage.com/custom/cell_images/XQXuXlo.jpg,https://secondlifestorage.com/index.php?threads/celldata.1782/,2600,3.70,4.20,1300,2600,2.75,520,5200,None
Samsung,ICR18650-26D,18650,Pink,White,https://secondlifestorage.com/custom/cell_images/icr1865026d.jpg,https://secondlifestorage.com/index.php?threads/celldata.1797/,2600,3.70,4.20,1300,None,2.75,520,None,None
Samsung,ICR18650-26F,18650,Pink,White,https://secondlifestorage.com/custom/cell_images/mpNXTHL.jpg,https://secondlifestorage.com/index.php?threads/celldata.1783/,2600,3.70,4.20,1300,2600,2.75,520,5200,http://gamma.spb.ru/media/pdf/liion-lipolymer-lifepo4-akkumulyatory/ICR18650-26F.pdf
Samsung,ICR18650-26FM,18650,Pink,White,https://secondlifestorage.com/custom/cell_images/he1Kxlt.jpg,https://secondlifestorage.com/index.php?threads/celldata.1785/,2600,3.70,4.20,1300,2600,2.75,520,5200,https://cdn.shopify.com/s/files/1/0674/3651/files/samsung-ICR18650-26FM-spec-sheet.pdf?13304021761413850609
Samsung,ICR18650-26FU,18650,Pink,White,https://secondlifestorage.com/custom/cell_images/icr1865026fu.jpg,https://secondlifestorage.com/index.php?threads/celldata.2097/,2600,3.70,4.20,1300,2600,2.75,520,5200,http://gamma.spb.ru/media/pdf/liion-lipolymer-lifepo4-akkumulyatory/ICR18650-26F.pdf
Samsung,ICR18650-26H,18650,Pink,White,https://secondlifestorage.com/custom/cell_images/PZwUiQd.jpg,https://secondlifestorage.com/index.php?threads/celldata.1784/,2600,3.63,4.20,1300,2600,2.75,520,5200,http://grobotronics.com/images/companies/1/datasheets/ICR18650-26H.pdf
Samsung,ICR18650-26J,18650,Pink,White,https://secondlifestorage.com/custom/cell_images/icr1865026j.jpg,https://secondlifestorage.com/index.php?threads/celldata.1928/,2600,3.63,4.20,1300,2600,2.75,520,5200,http://www.thefalconboard.com/samsung-data-sheet.pdf
Samsung,ICR18650-28A,18650,Purple (Light),White,https://secondlifestorage.com/custom/cell_images/Ac4KD5d.jpg,https://secondlifestorage.com/index.php?threads/celldata.1772/,2800,3.75,4.30,1400,2800,2.75,560,5600,http://www.meircell.co.il/files/Samsung%20ICR18650-28A.pdf
Samsung,ICR18650-30A,18650,Purple (Light),White,https://secondlifestorage.com/custom/cell_images/5vkUoK0.jpg,https://secondlifestorage.com/index.php?threads/celldata.1770/,3000,3.70,4.30,1500,6000,2.75,440,6000,http://www.meircell.co.il/files/Samsung%20ICR18650-30A.pdf
Samsung,ICR18650-30B,18650,Green (Light),White,https://secondlifestorage.com/custom/cell_images/aongbB8.jpg,https://secondlifestorage.com/index.php?threads/celldata.1736/,2950,3.78,4.35,1475,2950,2.75,590,5900,http://gamma.spb.ru/media/pdf/liion-lipolymer-lifepo4-akkumulyatory/ICR18650-30B.pdf
Samsung,ICR18650-30B,18650,Purple,White,https://secondlifestorage.com/custom/cell_images/icr1865030b.jpg,https://secondlifestorage.com/index.php?threads/celldata.1736/,2950,3.78,4.35,1475,2950,2.75,590,5900,http://gamma.spb.ru/media/pdf/liion-lipolymer-lifepo4-akkumulyatory/ICR18650-30B.pdf
Samsung,ICR18650-32A,18650,Purple (Light),White,https://secondlifestorage.com/custom/cell_images/agmtMWU.jpg,https://secondlifestorage.com/index.php?threads/celldata.1769/,3200,3.75,4.35,1600,3200,2.75,640,6400,http://gamma.spb.ru/media/pdf/liion-lipolymer-lifepo4-akkumulyatory/ICR18650-32A.pdf
Samsung,INR18650-13B,18650,Purple,White,https://secondlifestorage.com/custom/cell_images/inr1865013b.jpg,https://secondlifestorage.com/index.php?threads/celldata.4872/,1300,3.60,4.20,650,4000,2.50,None,23000,None
Samsung,INR18650-13P,18650,Turquoise,White,https://secondlifestorage.com/custom/cell_images/inr1865013r.jpg,https://secondlifestorage.com/index.php?threads/celldata.3264/,1300,3.70,4.20,1300,None,2.50,300,18000,None
Samsung,INR18650-13Q,18650,Teal,White,https://secondlifestorage.com/custom/cell_images/nyb3Guw.jpg,https://secondlifestorage.com/index.php?threads/celldata.1744/,1300,3.60,4.20,910,4000,2.50,4000,15000,http://www.al-ko.com/shop/media/uploads/Specification_INR18650_13Q_100326.pdf
Samsung,INR18650-15M,18650,Blue (Light),White,https://secondlifestorage.com/custom/cell_images/FGWQdn6.jpg,https://secondlifestorage.com/index.php?threads/celldata.1758/,1500,3.60,4.20,750,4000,2.50,1500,23000,http://gamma.spb.ru/media/pdf/liion-lipolymer-lifepo4-akkumulyatory/INR18650-15M.pdf
Samsung,INR18650-15MM,18650,Blue (Light),White,https://secondlifestorage.com/custom/cell_images/jy5nbC0.jpg,https://secondlifestorage.com/index.php?threads/celldata.1759/,1500,3.60,4.20,750,4000,2.50,300,23000,None
Samsung,INR18650-15Q,18650,Green (Light),White,https://secondlifestorage.com/custom/cell_images/uYFevmi.jpg,https://secondlifestorage.com/index.php?threads/celldata.1729/,1500,3.60,4.20,750,4000,2.50,1500,18000,http://akkuplus.de/mediafiles/Datenblatt/Samsung/Samsung_INR18650-15Q.pdf
Samsung,INR18650-15Q,18650,Teal,White,https://secondlifestorage.com/custom/cell_images/7bKPxNg.jpg,https://secondlifestorage.com/index.php?threads/celldata.1749/,1500,3.60,4.20,750,4000,2.50,1500,18000,http://www.batteryspace.com/prod-specs/6615.pdf
Samsung,INR18650-15R,18650,Teal,White,https://secondlifestorage.com/custom/cell_images/JsfGsXQ.jpg,https://secondlifestorage.com/index.php?threads/celldata.1748/,1500,3.70,4.20,1200,2200,2.50,None,25000,None
Samsung,INR18650-20Q,18650,Teal,White,https://secondlifestorage.com/custom/cell_images/FChN3H2.jpg,https://secondlifestorage.com/index.php?threads/celldata.1747/,2000,3.60,4.20,1000,1000,2.00,400,15000,http://gamma.spb.ru/media/pdf/liion-lipolymer-lifepo4-akkumulyatory/INR18650_20Q.pdf
Samsung,INR18650-20R,18650,Teal,White,https://secondlifestorage.com/custom/cell_images/zNd3n99.jpg,https://secondlifestorage.com/index.php?threads/celldata.1746/,2000,3.60,4.20,1000,4000,2.50,400,22000,http://www.avacom.cz/Datasheety/Samsung/INR18650-20R.pdf
Samsung,INR18650-25R,18650,Green,White,https://secondlifestorage.com/custom/cell_images/voJKSFT.jpg,https://secondlifestorage.com/index.php?threads/celldata.1738/,2500,3.60,4.20,1250,4000,2.50,500,20000,https://www.powerstream.com/p/INR18650-25R-datasheet.pdf
Samsung,INR18650-25R,18650,Blue (Light),White,https://secondlifestorage.com/custom/cell_images/JhIQIeO.jpg,https://secondlifestorage.com/index.php?threads/celldata.1738/,2500,3.60,4.20,1250,4000,2.50,500,20000,https://www.powerstream.com/p/INR18650-25R-datasheet.pdf
Samsung,INR18650-29E,18650,Purple (Light),White,https://secondlifestorage.com/custom/cell_images/vZrbPjZ.jpg,https://secondlifestorage.com/index.php?threads/celldata.1771/,2900,3.62,4.20,1375,2750,2.50,550,2750,https://www.akkuparts24.de/mediafiles//Datenblaetter/Samsung/Samsung%20INR18650-29E.pdf
Samsung,INR18650-30Q,18650,Purple,White,https://secondlifestorage.com/custom/cell_images/inr1865030q.jpg,https://secondlifestorage.com/index.php?threads/celldata.1854/,3000,3.60,4.20,1500,4000,2.50,600,15000,https://eu.nkon.nl/sk/k/30q.pdf
Samsung,INR18650-33G,18650,Purple (Light),White,https://secondlifestorage.com/custom/cell_images/inr1865033g.jpg,https://secondlifestorage.com/index.php?threads/celldata.8107/,3150,3.60,4.20,975,3250,2.50,650,6500,https://www.imrbatteries.com/content/samsung_33G.pdf
Samsung,INR21700-40T,21700,Purple (Light),White,https://secondlifestorage.com/custom/cell_images/inr2170040t.jpg,https://secondlifestorage.com/index.php?threads/celldata.8226/,4000,3.60,4.20,2000,6000,2.50,800,45000,https://www.vapcelltech.com/uploads/file1/20180614/5b223d66be21d.pdf
Samsung,INR21700-48G,21700,Brown,White,https://secondlifestorage.com/custom/cell_images/samsunginr2170048g.jpg,https://secondlifestorage.com/index.php?threads/celldata.6530/,4800,3.60,4.20,1440,4800,2.50,960,9600,None
Sanyo,NCR18650BF,18650,Red,Brown,https://secondlifestorage.com/custom/cell_images/JOR9yYG.jpg,https://secondlifestorage.com/index.php?threads/celldata.1705/,3200,3.60,4.20,1625,None,2.50,1625,3200,http://www.all-battery.com/datasheet/NCR18650BF_Datasheet.pdf
Sanyo,NCR18650BL,18650,Red,Black,https://secondlifestorage.com/custom/cell_images/bQCFZnO.jpg,https://secondlifestorage.com/index.php?threads/celldata.1794/,3200,3.60,4.20,1620,None,2.50,650,7000,http://nkon.nl/sk/k/NCR18650BL-specification.pdf
Sanyo,NCR18650GA,18650,Red,Blue,https://secondlifestorage.com/custom/cell_images/JgXsU1B.jpg,https://secondlifestorage.com/index.php?threads/celldata.1702/,3300,3.60,4.20,1475,None,2.50,2000,10000,https://cdn.shopify.com/s/files/1/0674/3651/files/panasonic-ncr18650-ga-spec-sheet.pdf?6594479572025043155
Sanyo,UR16650ZTA,16650,Purple,White,https://secondlifestorage.com/custom/cell_images/ur16650zta.jpg,https://secondlifestorage.com/index.php?threads/celldata.8331/,2330,3.70,4.35,1190,None,3.00,484,None,https://www.master-instruments.com.au/file/63487/1/Sanyo-UR16650ZTA.pdf
Sanyo,UR18650A,18650,Red,White,https://secondlifestorage.com/custom/cell_images/ur18650a.jpg,https://secondlifestorage.com/index.php?threads/celldata.6524/,2100,3.60,4.20,1510,None,2.50,420,None,https://na.industrial.panasonic.com/sites/default/pidsa/files/panasonic-li-ion_ur18650a_datasheet.pdf
Sanyo,UR18650A,18650,Red,Puple,https://secondlifestorage.com/custom/cell_images/sanyour18650avar1.jpg,https://secondlifestorage.com/index.php?threads/celldata.6524/,2100,3.60,4.20,1510,None,2.50,420,None,https://na.industrial.panasonic.com/sites/default/pidsa/files/panasonic-li-ion_ur18650a_datasheet.pdf
Sanyo,UR18650E,18650,Red,Purple (Grey),https://secondlifestorage.com/custom/cell_images/ce9RxzW.jpg,https://secondlifestorage.com/index.php?threads/celldata.1718/,2000,3.60,4.20,1400,None,2.75,410,6150,http://www.simpower.co.nz/images/products/pdf/UR18650E.pdf
Sanyo,UR18650EA,18650,Red,Black,https://secondlifestorage.com/custom/cell_images/sanyour18650ea.jpg,https://secondlifestorage.com/index.php?threads/celldata.6539/,2350,3.60,4.20,1570,None,2.75,450,8000,None
Sanyo,UR18650F,18650,Red,Blue (Cyan),https://secondlifestorage.com/custom/cell_images/RazEzDQ.jpg,https://secondlifestorage.com/index.php?threads/celldata.1709/,2500,3.70,4.20,1750,2500,3.00,2500,5000,http://www.batteryonestop.com/baotongusa/products/datasheets/li-ion/sanyo-ur18650f-26a.pdf
Sanyo,UR18650FB,18650,Red,Green,https://secondlifestorage.com/custom/cell_images/ur18650fb.jpg,https://secondlifestorage.com/index.php?threads/celldata.4871/,2400,3.70,4.20,2400,None,None,None,4800,None
Sanyo,UR18650FJ,18650,Red,Orange,https://secondlifestorage.com/custom/cell_images/0vgrlw9.jpg,https://secondlifestorage.com/index.php?threads/celldata.1712/,2100,3.70,4.20,2100,None,2.50,420,None,http://www.houseofbatteries.com/documents/UR18650F.pdf
Sanyo,UR18650FK,18650,Red,Teal,https://secondlifestorage.com/custom/cell_images/1WpGDLv.jpg,https://secondlifestorage.com/index.php?threads/celldata.1711/,2100,3.70,4.20,2100,None,2.50,420,None,http://www.houseofbatteries.com/documents/UR18650F.pdf
Sanyo,UR18650FM,18650,Red,Black,https://secondlifestorage.com/custom/cell_images/ur18650fm.jpg,https://secondlifestorage.com/index.php?threads/celldata.4870/,2500,3.70,4.20,1750,None,2.75,500,None,https://www.master-instruments.com.au/file/58592/1/Sanyo-UR18650FM.pdf
Sanyo,UR18650H,18650,Red,Black,https://secondlifestorage.com/custom/cell_images/sanyour18650h.jpg,https://secondlifestorage.com/index.php?threads/celldata.4114/,1900,3.70,4.20,1900,None,2.50,330,None,http://www.houseofbatteries.com/documents/UR18650H.pdf
Sanyo,UR18650P,18650,Red,Black,https://secondlifestorage.com/custom/cell_images/sanyour18650p.jpg,https://secondlifestorage.com/index.php?threads/celldata.6529/,1700,3.70,4.20,1700,None,2.50,340,None,https://www.master-instruments.com.au/files/data_sheets/Lithium/Lithium%20Ion/Sanyo%20UR18650P.pdf
Sanyo,UR18650RX,18650,Red,Blue,https://secondlifestorage.com/custom/cell_images/ERUryw4.jpg,https://secondlifestorage.com/index.php?threads/celldata.1703/,1950,3.60,4.20,1360,None,2.75,390,20000,https://www.akkuparts24.de/mediafiles//Datenblaetter/Panasonic/Panasonic%20UR18650RX.pdf
Sanyo,UR18650S,18650,Red,Orange,https://secondlifestorage.com/custom/cell_images/wgcCeMI.jpg,https://secondlifestorage.com/index.php?threads/celldata.1713/,1100,3.70,4.20,770,None,2.50,220,None,https://na.industrial.panasonic.com/sites/default/pidsa/files/ur18650s2.pdf
Sanyo,UR18650SA,18650,Red,Brown,https://secondlifestorage.com/custom/cell_images/Tvsc5LZ.jpg,https://secondlifestorage.com/index.php?threads/celldata.1706/,1200,3.70,4.20,840,None,2.50,240,10000,http://www.meircell.co.il/files/Sanyo%20UR18650SA.pdf
Sanyo,UR18650W2,18650,Red,Pink,https://secondlifestorage.com/custom/cell_images/zN4aWWv.jpg,https://secondlifestorage.com/index.php?threads/celldata.1714/,1500,3.70,4.20,1050,None,2.75,300,None,https://www.omnitron.cz/download/datasheet/UR-18650AA.pdf
Sanyo,UR18650WX,18650,Red,Blue (Cyan),https://secondlifestorage.com/custom/cell_images/F5gN8AV.jpg,https://secondlifestorage.com/index.php?threads/celldata.1708/,1500,3.70,4.20,1050,None,2.75,300,10000,https://na.industrial.panasonic.com/sites/default/pidsa/files/ur18650wx4.pdf
Sanyo,UR18650Y,18650,Red,Green (Light),https://secondlifestorage.com/custom/cell_images/n1RUyck.jpg,https://secondlifestorage.com/index.php?threads/celldata.1710/,2000,3.70,4.20,1330,None,2.50,None,None,http://www.hkforceful.com/pdf/4/UR18650Y.pdf
Sanyo,UR18650ZT,18650,Orange,Purple,https://secondlifestorage.com/custom/cell_images/5DdSDfc.jpg,https://secondlifestorage.com/index.php?threads/celldata.1716/,2650,3.70,4.30,1890,None,3.00,530,5300,https://na.industrial.panasonic.com/sites/default/pidsa/files/ur18650zt_0.pdf
Sanyo,UR18650ZTA,18650,Purple,Yellow,https://secondlifestorage.com/custom/cell_images/ur18650zta1.jpg,https://secondlifestorage.com/index.php?threads/celldata.3266/,2900,3.70,4.35,1450,None,3.00,580,5800,https://na.industrial.panasonic.com/sites/default/pidsa/files/ur18650zta.pdf
Sanyo,UR18650ZY,18650,Red,Purple (Light),https://secondlifestorage.com/custom/cell_images/q4dxZRO.jpg,https://secondlifestorage.com/index.php?threads/celldata.1717/,2450,3.70,4.20,1750,None,2.75,490,2450,https://na.industrial.panasonic.com/sites/default/pidsa/files/ur18650zy.pdf
Sinc,CRN18650-2200MAH,18650,Green,None,https://secondlifestorage.com/custom/cell_images/crn18650-2200mah.jpg,https://secondlifestorage.com/index.php?threads/celldata.4828/,2200,None,None,None,None,None,None,None,None
SINC,ISR18650-2600MAH,18650,Pink,Grey (Light),https://secondlifestorage.com/custom/cell_images/sincicr186502600.jpg,https://secondlifestorage.com/index.php?threads/celldata.5244/,2600,None,None,None,None,None,None,None,None
Sony,<delete>,18650,Green,Black,https://secondlifestorage.com/custom/cell_images/7DlNxWD.jpg,https://secondlifestorage.com/index.php?threads/celldata.1689/,None,None,None,None,None,None,None,None,https://www.energy4people.ru/upload/instr_file1549.pdf
Sony,SF US18650V,18650,Green,Black,https://secondlifestorage.com/custom/cell_images/sfus18650v.jpg,https://secondlifestorage.com/index.php?threads/celldata.4719/,None,None,None,None,None,None,None,None,None
Sony,US17670,18650,Blue (Dark),Tan,https://secondlifestorage.com/custom/cell_images/sonyus17670.jpg,https://secondlifestorage.com/index.php?threads/celldata.2104/,None,None,None,None,None,None,None,None,http://www.go-gddq.com/down/2011-09/11092820067934.pdf
Sony,US17670GR (G2),17670,Green,Black,https://secondlifestorage.com/custom/cell_images/us17670grg2.jpg,https://secondlifestorage.com/index.php?threads/celldata.6525/,None,3.60,None,None,None,None,None,None,None
Sony,US18650E,18650,White,Black,https://secondlifestorage.com/custom/cell_images/padeIsW.jpg,https://secondlifestorage.com/index.php?threads/celldata.1700/,None,None,None,None,None,None,None,None,None
Sony,US18650FT,18650,Green,Black,https://secondlifestorage.com/custom/cell_images/sonyus18650ft.jpg,https://secondlifestorage.com/index.php?threads/celldata.4718/,1100,3.20,3.60,1050,None,2.00,220,10000,https://produktinfo.conrad.com/datenblaetter/1400000-1499999/001436404-da-01-en-SONY_18650_LIFEPO4_AKKU_1100MAH.pdf
Sony,US18650GR (G2),18650,Green,Black,https://secondlifestorage.com/custom/cell_images/jtc1eIc.jpg,https://secondlifestorage.com/index.php?threads/celldata.1688/,1600,3.70,4.20,None,None,None,None,None,None
Sony,US18650GR (G3),18650,Green,Black,https://secondlifestorage.com/custom/cell_images/us18650grg31.jpg,https://secondlifestorage.com/index.php?threads/celldata.2338/,1800,3.70,4.20,None,None,None,None,None,None
Sony,US18650GR (G4),18650,Green,Black,https://secondlifestorage.com/custom/cell_images/us18650grg41.jpg,https://secondlifestorage.com/index.php?threads/celldata.2337/,2000,3.70,4.20,None,None,None,None,None,None
Sony,US18650GR (G5),18650,Green,Black,https://secondlifestorage.com/custom/cell_images/us18650grg51.jpg,https://secondlifestorage.com/index.php?threads/celldata.2336/,2200,3.70,4.20,1300,None,2.75,440,None,None
Sony,US18650GR (G6),18650,Green,Black,https://secondlifestorage.com/custom/cell_images/us18650grg6.jpg,https://secondlifestorage.com/index.php?threads/celldata.1875/,2100,3.70,4.20,1000,None,3.00,420,None,http://www.energy4people.ru/upload/instr_file1549.pdf
Sony,US18650GR (G7),18650,Green,Black,https://secondlifestorage.com/custom/cell_images/us18650grg7.jpg,https://secondlifestorage.com/index.php?threads/celldata.2320/,2400,3.70,4.20,1000,None,3.00,480,None,None
Sony,US18650GR (G8),18650,Green,Black,https://secondlifestorage.com/custom/cell_images/us18650grg8.jpg,https://secondlifestorage.com/index.php?threads/celldata.2321/,2600,3.70,4.20,1000,None,2.75,520,None,http://www.produktinfo.conrad.com/datenblaetter/1200000-1299999/001214012-gs-01-en-UL_SONY_LITHIUM_KNOPFZELLE_CR_1220__5ER_.pdf
Sony,US18650GS,18650,Green,Black,https://secondlifestorage.com/custom/cell_images/ksgg3ee.jpg,https://secondlifestorage.com/index.php?threads/celldata.1690/,None,None,None,None,None,None,None,None,None
Sony,US18650NC1,18650,Green,Black,https://secondlifestorage.com/custom/cell_images/XIwuIsR.jpg,https://secondlifestorage.com/index.php?threads/celldata.1699/,2750,3.60,4.20,1925,None,2.50,2750,None,http://www.altra.net.pl/pdf/Sony%20US18650NC1.pdf
Sony,US18650S,18650,Blue,Beige,https://secondlifestorage.com/custom/cell_images/oES9HL8.jpg,https://secondlifestorage.com/index.php?threads/celldata.1683/,None,None,None,None,None,None,None,None,https://www.megacellmonitor.com/pdf/vendor_specs/SPEC_SONY_US18650S.pdf
Sony,US18650V,18650,Green,Black,https://secondlifestorage.com/custom/cell_images/uwE3mJ0.jpg,https://secondlifestorage.com/index.php?threads/celldata.1691/,1600,3.70,4.20,320,None,2.50,320,None,None
Sony,US18650V2,18650,Green,Black,https://secondlifestorage.com/custom/cell_images/w3gsgoY.jpg,https://secondlifestorage.com/index.php?threads/celldata.1693/,None,None,None,None,None,None,None,None,None
Sony,US18650V3,18650,Green,Black,https://secondlifestorage.com/custom/cell_images/HriL00P.jpg,https://secondlifestorage.com/index.php?threads/celldata.1694/,2150,3.70,4.20,2150,2150,2.50,430,10000,http://www.batteryspace.com/prod-specs/9091_specification.pdf
Sony,US18650VT,18650,Green,Black,https://secondlifestorage.com/custom/cell_images/CRfRbol.jpg,https://secondlifestorage.com/index.php?threads/celldata.1692/,1300,3.60,4.20,1300,None,2.75,260,None,None
Sony,US18650VT3,18650,Green,Black,https://secondlifestorage.com/custom/cell_images/IxFRE7p.jpg,https://secondlifestorage.com/index.php?threads/celldata.1695/,1500,3.70,4.20,1500,None,2.50,300,None,http://www.avacom.cz/Datasheety/Sony/US18650VTC3.pdf
Sony,US18650VTC3,18650,Green,Black,https://secondlifestorage.com/custom/cell_images/zKQnDDW.jpg,https://secondlifestorage.com/index.php?threads/celldata.1696/,1500,3.70,4.20,1500,None,2.50,300,None,http://keeppower.com.ua/download/file01_US18650VTC3.pdf
Sony,US18650VTC4,18650,Green,Black,https://secondlifestorage.com/custom/cell_images/KPP9NJq.jpg,https://secondlifestorage.com/index.php?threads/celldata.1697/,2000,3.70,4.20,2000,None,2.50,420,None,https://www.powerstream.com/p/us18650vtc4.pdf
Sony,US18650VTC6,18650,Green,Black,https://secondlifestorage.com/custom/cell_images/w64mXjO.jpg,https://secondlifestorage.com/index.php?threads/celldata.1698/,3000,3.60,4.20,3000,None,2.50,3000,10000,http://www.accushop.at/images/product_images/original_images/apdf/AccuShop_US18650VTC6.pdf
Tenergy,LR1865S1,18650,Grey,White,https://secondlifestorage.com/custom/cell_images/tenergyicr186502200.jpg,https://secondlifestorage.com/index.php?threads/celldata.6336/,2200,3.60,4.20,1100,2200,3.00,None,4400,None
Toshiba,LGR18650P,18650,Purple,White,https://secondlifestorage.com/custom/cell_images/toshibalgr18650p.jpg,https://secondlifestorage.com/index.php?threads/celldata.6464/,1650,3.70,None,None,None,None,None,None,None
Toshiba,LGR18650S,18650,Purple,White,https://secondlifestorage.com/custom/cell_images/lgr18650s.jpg,https://secondlifestorage.com/index.php?threads/celldata.3268/,1350,None,None,None,None,None,None,None,http://pdf.datasheet.live/12150411/toshiba.co.jp/LGR17500.pdf
Uni-Sun,E18650,18650,Orange,White,https://secondlifestorage.com/custom/cell_images/unisune18650.jpg,https://secondlifestorage.com/index.php?threads/celldata.5777/,2400,None,None,None,None,None,None,None,None
Unknown,ASO/SZN,18650,Purple,White,https://secondlifestorage.com/custom/cell_images/5MjnWEc.jpg,https://secondlifestorage.com/index.php?threads/celldata.1778/,None,None,None,None,None,None,None,None,None
Unknown,C18650P,18650,Blue (Transparent),Brown (Light),https://secondlifestorage.com/custom/cell_images/Ey1Q4QK.jpg,https://secondlifestorage.com/index.php?threads/celldata.1707/,1300,3.60,None,None,None,None,None,None,None
Unknown,CRN18650,18650,Green (Dark),Black,https://secondlifestorage.com/custom/cell_images/cnr18650.jpg,https://secondlifestorage.com/index.php?threads/celldata.4488/,2200,3.70,4.20,None,2000,3.00,None,None,None
Unknown,D18650,18650,Green,White,https://secondlifestorage.com/custom/cell_images/uncell002.jpg,https://secondlifestorage.com/index.php?threads/celldata.2586/,None,None,None,None,None,None,None,None,None
Unknown,FP-ICR18650,18650,Blue,White,https://secondlifestorage.com/custom/cell_images/DBBVbBK.jpg,https://secondlifestorage.com/index.php?threads/celldata.1761/,None,None,None,None,None,None,None,None,None
Unknown,GOB18650S,18650,Turquoise,Grey,https://secondlifestorage.com/custom/cell_images/uncell003.jpg,https://secondlifestorage.com/index.php?threads/celldata.2692/,None,None,None,None,None,None,None,None,None
Unknown,ICR18650-23A-HENV,18650,Turquoise,Translucent,https://secondlifestorage.com/custom/cell_images/7Vr1kpC.jpg,https://secondlifestorage.com/index.php?threads/celldata.1719/,None,None,None,None,None,None,None,None,None
Valence,IFR-18650EC,18650,Orance,Grey,https://secondlifestorage.com/custom/cell_images/valanceifr18650ec.jpg,https://secondlifestorage.com/index.php?threads/celldata.6101/,1300,3.20,3.65,650,1300,2.00,260,2600,None
YikLik (YLE),ICR18650A220,18650,Orange,Black,https://secondlifestorage.com/custom/cell_images/yleicr18650a220.jpg,https://secondlifestorage.com/index.php?threads/celldata.2440/,2200,3.70,4.20,None,None,None,None,None,None
YikLik (YLE),ICR18650A240,18650,Orange,White,https://secondlifestorage.com/custom/cell_images/yleicr18650a240.jpg,https://secondlifestorage.com/index.php?threads/celldata.8333/,2400,3.70,4.20,480,None,3.00,None,None,None
YikLik (YLE),INR18650A220,18650,Red,Black,https://secondlifestorage.com/custom/cell_images/h1Q1gXo.jpg,https://secondlifestorage.com/index.php?threads/celldata.1684/,2200,3.60,4.20,4400,2200,3.00,440,2200,http://www.mountainprophet.de/wp-content/uploads/2012/05/YLE_INR18650A220.pdf
YikLik (YLE),INR18650A245,18650,Red,White,https://secondlifestorage.com/custom/cell_images/yleinr18650a245.jpg,https://secondlifestorage.com/index.php?threads/celldata.8335/,2450,3.60,4.20,490,1700,3.00,0,4900,http://oem.portapower.com/html/pdf/Battery-Cells.pdf
